"model","registration","dataset","result_paths","valid_seeds","missing_or_invalid_seeds","data_version_split_check","rmse_scale_check","config_source","status","reason","next_step"
"LightGBM","lightgbm","hpcg2","未发现本地结果目录","","无法核查","无法核查","无法核查","configs/default/lightgbm.yaml","待核查，证据不足","当前工作区没有 results、训练日志、manifest 或数据缓存。","在服务器运行 scripts/audit_hingemix_final.py 后核对。"
"LightGBM","lightgbm","hpgmg3","未发现本地结果目录","","无法核查","无法核查","无法核查","configs/default/lightgbm.yaml","待核查，证据不足","当前工作区没有 results、训练日志、manifest 或数据缓存。","在服务器运行 scripts/audit_hingemix_final.py 后核对。"
"LightGBM","lightgbm","ramspeed","未发现本地结果目录","","无法核查","无法核查","无法核查","configs/default/lightgbm.yaml","待核查，证据不足","当前工作区没有 results、训练日志、manifest 或数据缓存。","在服务器运行 scripts/audit_hingemix_final.py 后核对。"
"LightGBM","lightgbm","mix_with_five_datasets161","未发现本地结果目录","","无法核查","无法核查","无法核查","configs/default/lightgbm.yaml","待核查，证据不足","当前工作区没有 results、训练日志、manifest 或数据缓存。","在服务器运行 scripts/audit_hingemix_final.py 后核对。"
"LightGBM","lightgbm","raiderstream","未发现本地结果目录","","无法核查","无法核查","无法核查","configs/default/lightgbm.yaml","待核查，证据不足","当前工作区没有 results、训练日志、manifest 或数据缓存。","在服务器运行 scripts/audit_hingemix_final.py 后核对。"
"LightGBM","lightgbm","stream","未发现本地结果目录","","无法核查","无法核查","无法核查","configs/default/lightgbm.yaml","待核查，证据不足","当前工作区没有 results、训练日志、manifest 或数据缓存。","在服务器运行 scripts/audit_hingemix_final.py 后核对。"
"LightGBM","lightgbm","cachesweep","未发现本地结果目录","","无法核查","无法核查","无法核查","configs/default/lightgbm.yaml","待核查，证据不足","当前工作区没有 results、训练日志、manifest 或数据缓存。","在服务器运行 scripts/audit_hingemix_final.py 后核对。"
"XGBoost","xgboost","hpcg2","未发现本地结果目录","","无法核查","无法核查","无法核查","configs/default/xgboost.yaml","待核查，证据不足","当前工作区没有 results、训练日志、manifest 或数据缓存。","在服务器运行 scripts/audit_hingemix_final.py 后核对。"
"XGBoost","xgboost","hpgmg3","未发现本地结果目录","","无法核查","无法核查","无法核查","configs/default/xgboost.yaml","待核查，证据不足","当前工作区没有 results、训练日志、manifest 或数据缓存。","在服务器运行 scripts/audit_hingemix_final.py 后核对。"
"XGBoost","xgboost","ramspeed","未发现本地结果目录","","无法核查","无法核查","无法核查","configs/default/xgboost.yaml","待核查，证据不足","当前工作区没有 results、训练日志、manifest 或数据缓存。","在服务器运行 scripts/audit_hingemix_final.py 后核对。"
"XGBoost","xgboost","mix_with_five_datasets161","未发现本地结果目录","","无法核查","无法核查","无法核查","configs/default/xgboost.yaml","待核查，证据不足","当前工作区没有 results、训练日志、manifest 或数据缓存。","在服务器运行 scripts/audit_hingemix_final.py 后核对。"
"XGBoost","xgboost","raiderstream","未发现本地结果目录","","无法核查","无法核查","无法核查","configs/default/xgboost.yaml","待核查，证据不足","当前工作区没有 results、训练日志、manifest 或数据缓存。","在服务器运行 scripts/audit_hingemix_final.py 后核对。"
"XGBoost","xgboost","stream","未发现本地结果目录","","无法核查","无法核查","无法核查","configs/default/xgboost.yaml","待核查，证据不足","当前工作区没有 results、训练日志、manifest 或数据缓存。","在服务器运行 scripts/audit_hingemix_final.py 后核对。"
"XGBoost","xgboost","cachesweep","未发现本地结果目录","","无法核查","无法核查","无法核查","configs/default/xgboost.yaml","待核查，证据不足","当前工作区没有 results、训练日志、manifest 或数据缓存。","在服务器运行 scripts/audit_hingemix_final.py 后核对。"
"CatBoost","catboost","hpcg2","未发现本地结果目录","","无法核查","无法核查","无法核查","configs/default/catboost.yaml","待核查，证据不足","当前工作区没有 results、训练日志、manifest 或数据缓存。","在服务器运行 scripts/audit_hingemix_final.py 后核对。"
"CatBoost","catboost","hpgmg3","未发现本地结果目录","","无法核查","无法核查","无法核查","configs/default/catboost.yaml","待核查，证据不足","当前工作区没有 results、训练日志、manifest 或数据缓存。","在服务器运行 scripts/audit_hingemix_final.py 后核对。"
"CatBoost","catboost","ramspeed","未发现本地结果目录","","无法核查","无法核查","无法核查","configs/default/catboost.yaml","待核查，证据不足","当前工作区没有 results、训练日志、manifest 或数据缓存。","在服务器运行 scripts/audit_hingemix_final.py 后核对。"
"CatBoost","catboost","mix_with_five_datasets161","未发现本地结果目录","","无法核查","无法核查","无法核查","configs/default/catboost.yaml","待核查，证据不足","当前工作区没有 results、训练日志、manifest 或数据缓存。","在服务器运行 scripts/audit_hingemix_final.py 后核对。"
"CatBoost","catboost","raiderstream","未发现本地结果目录","","无法核查","无法核查","无法核查","configs/default/catboost.yaml","待核查，证据不足","当前工作区没有 results、训练日志、manifest 或数据缓存。","在服务器运行 scripts/audit_hingemix_final.py 后核对。"
"CatBoost","catboost","stream","未发现本地结果目录","","无法核查","无法核查","无法核查","configs/default/catboost.yaml","待核查，证据不足","当前工作区没有 results、训练日志、manifest 或数据缓存。","在服务器运行 scripts/audit_hingemix_final.py 后核对。"
"CatBoost","catboost","cachesweep","未发现本地结果目录","","无法核查","无法核查","无法核查","configs/default/catboost.yaml","待核查，证据不足","当前工作区没有 results、训练日志、manifest 或数据缓存。","在服务器运行 scripts/audit_hingemix_final.py 后核对。"
"ExcelFormer","excel-former","hpcg2","未发现本地结果目录","","无法核查","无法核查","无法核查","configs/default/excel-former.yaml","待核查，证据不足","当前工作区没有 results、训练日志、manifest 或数据缓存。","在服务器运行 scripts/audit_hingemix_final.py 后核对。"
"ExcelFormer","excel-former","hpgmg3","未发现本地结果目录","","无法核查","无法核查","无法核查","configs/default/excel-former.yaml","待核查，证据不足","当前工作区没有 results、训练日志、manifest 或数据缓存。","在服务器运行 scripts/audit_hingemix_final.py 后核对。"
"ExcelFormer","excel-former","ramspeed","未发现本地结果目录","","无法核查","无法核查","无法核查","configs/default/excel-former.yaml","待核查，证据不足","当前工作区没有 results、训练日志、manifest 或数据缓存。","在服务器运行 scripts/audit_hingemix_final.py 后核对。"
"ExcelFormer","excel-former","mix_with_five_datasets161","未发现本地结果目录","","无法核查","无法核查","无法核查","configs/default/excel-former.yaml","待核查，证据不足","当前工作区没有 results、训练日志、manifest 或数据缓存。","在服务器运行 scripts/audit_hingemix_final.py 后核对。"
"ExcelFormer","excel-former","raiderstream","未发现本地结果目录","","无法核查","无法核查","无法核查","configs/default/excel-former.yaml","待核查，证据不足","当前工作区没有 results、训练日志、manifest 或数据缓存。","在服务器运行 scripts/audit_hingemix_final.py 后核对。"
"ExcelFormer","excel-former","stream","未发现本地结果目录","","无法核查","无法核查","无法核查","configs/default/excel-former.yaml","待核查，证据不足","当前工作区没有 results、训练日志、manifest 或数据缓存。","在服务器运行 scripts/audit_hingemix_final.py 后核对。"
"ExcelFormer","excel-former","cachesweep","未发现本地结果目录","","无法核查","无法核查","无法核查","configs/default/excel-former.yaml","待核查，证据不足","当前工作区没有 results、训练日志、manifest 或数据缓存。","在服务器运行 scripts/audit_hingemix_final.py 后核对。"
"FT-Transformer","ft-transformer","hpcg2","未发现本地结果目录","","无法核查","无法核查","无法核查","configs/default/ft-transformer.yaml","待核查，证据不足","当前工作区没有 results、训练日志、manifest 或数据缓存。","在服务器运行 scripts/audit_hingemix_final.py 后核对。"
"FT-Transformer","ft-transformer","hpgmg3","未发现本地结果目录","","无法核查","无法核查","无法核查","configs/default/ft-transformer.yaml","待核查，证据不足","当前工作区没有 results、训练日志、manifest 或数据缓存。","在服务器运行 scripts/audit_hingemix_final.py 后核对。"
"FT-Transformer","ft-transformer","ramspeed","未发现本地结果目录","","无法核查","无法核查","无法核查","configs/default/ft-transformer.yaml","待核查，证据不足","当前工作区没有 results、训练日志、manifest 或数据缓存。","在服务器运行 scripts/audit_hingemix_final.py 后核对。"
"FT-Transformer","ft-transformer","mix_with_five_datasets161","未发现本地结果目录","","无法核查","无法核查","无法核查","configs/default/ft-transformer.yaml","待核查，证据不足","当前工作区没有 results、训练日志、manifest 或数据缓存。","在服务器运行 scripts/audit_hingemix_final.py 后核对。"
"FT-Transformer","ft-transformer","raiderstream","未发现本地结果目录","","无法核查","无法核查","无法核查","configs/default/ft-transformer.yaml","待核查，证据不足","当前工作区没有 results、训练日志、manifest 或数据缓存。","在服务器运行 scripts/audit_hingemix_final.py 后核对。"
"FT-Transformer","ft-transformer","stream","未发现本地结果目录","","无法核查","无法核查","无法核查","configs/default/ft-transformer.yaml","待核查，证据不足","当前工作区没有 results、训练日志、manifest 或数据缓存。","在服务器运行 scripts/audit_hingemix_final.py 后核对。"
"FT-Transformer","ft-transformer","cachesweep","未发现本地结果目录","","无法核查","无法核查","无法核查","configs/default/ft-transformer.yaml","待核查，证据不足","当前工作区没有 results、训练日志、manifest 或数据缓存。","在服务器运行 scripts/audit_hingemix_final.py 后核对。"
"DCNv2","dcnv2","hpcg2","未发现本地结果目录","","无法核查","无法核查","无法核查","configs/default/dcnv2.yaml","待核查，证据不足","当前工作区没有 results、训练日志、manifest 或数据缓存。","在服务器运行 scripts/audit_hingemix_final.py 后核对。"
"DCNv2","dcnv2","hpgmg3","未发现本地结果目录","","无法核查","无法核查","无法核查","configs/default/dcnv2.yaml","待核查，证据不足","当前工作区没有 results、训练日志、manifest 或数据缓存。","在服务器运行 scripts/audit_hingemix_final.py 后核对。"
"DCNv2","dcnv2","ramspeed","未发现本地结果目录","","无法核查","无法核查","无法核查","configs/default/dcnv2.yaml","待核查，证据不足","当前工作区没有 results、训练日志、manifest 或数据缓存。","在服务器运行 scripts/audit_hingemix_final.py 后核对。"
"DCNv2","dcnv2","mix_with_five_datasets161","未发现本地结果目录","","无法核查","无法核查","无法核查","configs/default/dcnv2.yaml","待核查，证据不足","当前工作区没有 results、训练日志、manifest 或数据缓存。","在服务器运行 scripts/audit_hingemix_final.py 后核对。"
"DCNv2","dcnv2","raiderstream","未发现本地结果目录","","无法核查","无法核查","无法核查","configs/default/dcnv2.yaml","待核查，证据不足","当前工作区没有 results、训练日志、manifest 或数据缓存。","在服务器运行 scripts/audit_hingemix_final.py 后核对。"
"DCNv2","dcnv2","stream","未发现本地结果目录","","无法核查","无法核查","无法核查","configs/default/dcnv2.yaml","待核查，证据不足","当前工作区没有 results、训练日志、manifest 或数据缓存。","在服务器运行 scripts/audit_hingemix_final.py 后核对。"
"DCNv2","dcnv2","cachesweep","未发现本地结果目录","","无法核查","无法核查","无法核查","configs/default/dcnv2.yaml","待核查，证据不足","当前工作区没有 results、训练日志、manifest 或数据缓存。","在服务器运行 scripts/audit_hingemix_final.py 后核对。"
"NODE","node","hpcg2","未发现本地结果目录","","无法核查","无法核查","无法核查","configs/default/node.yaml","待核查，证据不足","当前工作区没有 results、训练日志、manifest 或数据缓存。","在服务器运行 scripts/audit_hingemix_final.py 后核对。"
"NODE","node","hpgmg3","未发现本地结果目录","","无法核查","无法核查","无法核查","configs/default/node.yaml","待核查，证据不足","当前工作区没有 results、训练日志、manifest 或数据缓存。","在服务器运行 scripts/audit_hingemix_final.py 后核对。"
"NODE","node","ramspeed","未发现本地结果目录","","无法核查","无法核查","无法核查","configs/default/node.yaml","待核查，证据不足","当前工作区没有 results、训练日志、manifest 或数据缓存。","在服务器运行 scripts/audit_hingemix_final.py 后核对。"
"NODE","node","mix_with_five_datasets161","未发现本地结果目录","","无法核查","无法核查","无法核查","configs/default/node.yaml","待核查，证据不足","当前工作区没有 results、训练日志、manifest 或数据缓存。","在服务器运行 scripts/audit_hingemix_final.py 后核对。"
"NODE","node","raiderstream","未发现本地结果目录","","无法核查","无法核查","无法核查","configs/default/node.yaml","待核查，证据不足","当前工作区没有 results、训练日志、manifest 或数据缓存。","在服务器运行 scripts/audit_hingemix_final.py 后核对。"
"NODE","node","stream","未发现本地结果目录","","无法核查","无法核查","无法核查","configs/default/node.yaml","待核查，证据不足","当前工作区没有 results、训练日志、manifest 或数据缓存。","在服务器运行 scripts/audit_hingemix_final.py 后核对。"
"NODE","node","cachesweep","未发现本地结果目录","","无法核查","无法核查","无法核查","configs/default/node.yaml","待核查，证据不足","当前工作区没有 results、训练日志、manifest 或数据缓存。","在服务器运行 scripts/audit_hingemix_final.py 后核对。"
"MLP","mlp","hpcg2","未发现本地结果目录","","无法核查","无法核查","无法核查","configs/default/mlp.yaml","待核查，证据不足","当前工作区没有 results、训练日志、manifest 或数据缓存。","在服务器运行 scripts/audit_hingemix_final.py 后核对。"
"MLP","mlp","hpgmg3","未发现本地结果目录","","无法核查","无法核查","无法核查","configs/default/mlp.yaml","待核查，证据不足","当前工作区没有 results、训练日志、manifest 或数据缓存。","在服务器运行 scripts/audit_hingemix_final.py 后核对。"
"MLP","mlp","ramspeed","未发现本地结果目录","","无法核查","无法核查","无法核查","configs/default/mlp.yaml","待核查，证据不足","当前工作区没有 results、训练日志、manifest 或数据缓存。","在服务器运行 scripts/audit_hingemix_final.py 后核对。"
"MLP","mlp","mix_with_five_datasets161","未发现本地结果目录","","无法核查","无法核查","无法核查","configs/default/mlp.yaml","待核查，证据不足","当前工作区没有 results、训练日志、manifest 或数据缓存。","在服务器运行 scripts/audit_hingemix_final.py 后核对。"
"MLP","mlp","raiderstream","未发现本地结果目录","","无法核查","无法核查","无法核查","configs/default/mlp.yaml","待核查，证据不足","当前工作区没有 results、训练日志、manifest 或数据缓存。","在服务器运行 scripts/audit_hingemix_final.py 后核对。"
"MLP","mlp","stream","未发现本地结果目录","","无法核查","无法核查","无法核查","configs/default/mlp.yaml","待核查，证据不足","当前工作区没有 results、训练日志、manifest 或数据缓存。","在服务器运行 scripts/audit_hingemix_final.py 后核对。"
"MLP","mlp","cachesweep","未发现本地结果目录","","无法核查","无法核查","无法核查","configs/default/mlp.yaml","待核查，证据不足","当前工作区没有 results、训练日志、manifest 或数据缓存。","在服务器运行 scripts/audit_hingemix_final.py 后核对。"
"AutoInt","autoint","hpcg2","未发现本地结果目录","","无法核查","无法核查","无法核查","configs/default/autoint.yaml","待核查，证据不足","当前工作区没有 results、训练日志、manifest 或数据缓存。","在服务器运行 scripts/audit_hingemix_final.py 后核对。"
"AutoInt","autoint","hpgmg3","未发现本地结果目录","","无法核查","无法核查","无法核查","configs/default/autoint.yaml","待核查，证据不足","当前工作区没有 results、训练日志、manifest 或数据缓存。","在服务器运行 scripts/audit_hingemix_final.py 后核对。"
"AutoInt","autoint","ramspeed","未发现本地结果目录","","无法核查","无法核查","无法核查","configs/default/autoint.yaml","待核查，证据不足","当前工作区没有 results、训练日志、manifest 或数据缓存。","在服务器运行 scripts/audit_hingemix_final.py 后核对。"
"AutoInt","autoint","mix_with_five_datasets161","未发现本地结果目录","","无法核查","无法核查","无法核查","configs/default/autoint.yaml","待核查，证据不足","当前工作区没有 results、训练日志、manifest 或数据缓存。","在服务器运行 scripts/audit_hingemix_final.py 后核对。"
"AutoInt","autoint","raiderstream","未发现本地结果目录","","无法核查","无法核查","无法核查","configs/default/autoint.yaml","待核查，证据不足","当前工作区没有 results、训练日志、manifest 或数据缓存。","在服务器运行 scripts/audit_hingemix_final.py 后核对。"
"AutoInt","autoint","stream","未发现本地结果目录","","无法核查","无法核查","无法核查","configs/default/autoint.yaml","待核查，证据不足","当前工作区没有 results、训练日志、manifest 或数据缓存。","在服务器运行 scripts/audit_hingemix_final.py 后核对。"
"AutoInt","autoint","cachesweep","未发现本地结果目录","","无法核查","无法核查","无法核查","configs/default/autoint.yaml","待核查，证据不足","当前工作区没有 results、训练日志、manifest 或数据缓存。","在服务器运行 scripts/audit_hingemix_final.py 后核对。"
"TabM","tabm","hpcg2","未发现本地结果目录","","无法核查","无法核查","无法核查","configs/default/tabm.yaml","待核查，证据不足","当前工作区没有 results、训练日志、manifest 或数据缓存。","在服务器运行 scripts/audit_hingemix_final.py 后核对。"
"TabM","tabm","hpgmg3","未发现本地结果目录","","无法核查","无法核查","无法核查","configs/default/tabm.yaml","待核查，证据不足","当前工作区没有 results、训练日志、manifest 或数据缓存。","在服务器运行 scripts/audit_hingemix_final.py 后核对。"
"TabM","tabm","ramspeed","未发现本地结果目录","","无法核查","无法核查","无法核查","configs/default/tabm.yaml","待核查，证据不足","当前工作区没有 results、训练日志、manifest 或数据缓存。","在服务器运行 scripts/audit_hingemix_final.py 后核对。"
"TabM","tabm","mix_with_five_datasets161","未发现本地结果目录","","无法核查","无法核查","无法核查","configs/default/tabm.yaml","待核查，证据不足","当前工作区没有 results、训练日志、manifest 或数据缓存。","在服务器运行 scripts/audit_hingemix_final.py 后核对。"
"TabM","tabm","raiderstream","未发现本地结果目录","","无法核查","无法核查","无法核查","configs/default/tabm.yaml","待核查，证据不足","当前工作区没有 results、训练日志、manifest 或数据缓存。","在服务器运行 scripts/audit_hingemix_final.py 后核对。"
"TabM","tabm","stream","未发现本地结果目录","","无法核查","无法核查","无法核查","configs/default/tabm.yaml","待核查，证据不足","当前工作区没有 results、训练日志、manifest 或数据缓存。","在服务器运行 scripts/audit_hingemix_final.py 后核对。"
"TabM","tabm","cachesweep","未发现本地结果目录","","无法核查","无法核查","无法核查","configs/default/tabm.yaml","待核查，证据不足","当前工作区没有 results、训练日志、manifest 或数据缓存。","在服务器运行 scripts/audit_hingemix_final.py 后核对。"
